fecha_compra,cuit,concepto,numero_comprobante,monto,proveedor,cuit_con_guion,tipo_comprobante,archivo,observaciones,cargado
17/03/2026,,otros,07000-00086328,11370.00,Librería (Sistema Informático),,Nota de Venta,20260317_ESCOLARES.pdf,Artículos escolares / librería. No figura CUIT fiscal en ticket (Tel 1157133635),NO
19/03/2026,30709857742,otros,00000-15111495,47500.00,CINCO OLIVOS S.A.,30-70985774-2,Ticket Cliente Mercado Pago,20260319_restau.pdf,Gastronomía / Restaurante. Operación MP #151114958624,SI
03/04/2026,30711840946,otros,00443-00499345,28825.00,DEGASA S.A. (KFC),30-71184094-6,Factura B (Cód. 006),20260403_KFC.pdf,CAE 86140203978951,SI
06/04/2026,30685849751,otros,09380-00632257,8098.50,DIA ARGENTINA SA,30-68584975-1,Factura B (Cód. 006),20260406_DIA.pdf,CAE 86140515974163,SI
21/03/2026,30715939262,indumentaria,00000-15140682,28550.00,LADANI SA,30-71593926-2,Ticket Cliente Mercado Pago,260321_ladani.pdf,Local de indumentaria (Cuenca 3692 Villa Devoto). Operación MP #151406825160,SI
28/06/2026,30548083156,otros,00085-05072913,105777.41,COTO C.I.C.S.A.,30-54808315-6,Factura B,Coto - Consulta de ticket(1) 1.PDF,Sucursal 85 Mataderos,SI
27/03/2026,30548083156,otros,00085-04875339,1558.00,COTO C.I.C.S.A.,30-54808315-6,Factura B,Coto - Consulta de ticket(1).PDF,Sucursal 85 Mataderos,SI
11/07/2026,30548083156,otros,00085-05100193,49865.20,COTO C.I.C.S.A.,30-54808315-6,Factura B,Coto - Consulta de ticket.PDF,Sucursal 85 Mataderos,SI
24/04/2026,30685849751,otros,09379-00363444,32395.00,DIA ARGENTINA SA,30-68584975-1,Factura B (Cód. 006),DIA 24-4-2026.pdf,CAE 86172916715004,SI
02/04/2026,30685849751,otros,09380-00630569,31691.00,DIA ARGENTINA SA,30-68584975-1,Factura B (Cód. 006),DIA ARGENTINA SA - 2026-04-08 10_24_07.pdf,CAE 86140071249632,SI
14/04/2026,23939081089,indumentaria,00000-00001688,32000.00,BRIHER,23-93908108-9,Comprobante de Venta / Pedido,BRIHER - 2026-04-21 13_34_25.pdf,Camisa blanca lisa y corbatín teflón. Nro Pedido 1688,SI
21/04/2026,30685849751,otros,03953-00358625,12554.25,DIA ARGENTINA SA,30-68584975-1,Factura B (Cód. 006),DIA ARGENTINA SA - 2026-04-21 20_50_19.pdf,CAE 86162510157519,SI
09/05/2026,30685849751,otros,09380-00644340,24275.00,DIA ARGENTINA SA,30-68584975-1,Factura B (Cód. 006),DIA ARGENTINA SA - 2026-05-10 15_59_13.pdf,CAE 86194896897034,SI
06/05/2026,20297920783,otros,00000-15806017,23200.00,Carlos Zalazar,20-29792078-3,Ticket Vendedor Mercado Pago,Carlos Zalazar - 2026-05-10 16_00_25.pdf,Operación MP #158060177448,NO
07/05/2026,30647506190,otros,00139-00552725,39307.27,USINA LACTEA EL PUENTE S.A.,30-64750619-0,Cód. 083 - Tique,USINA LACTEA EL PUENTE S.A. - 2026-05-10 16_01_06.pdf,Queso Sardo,SI
27/04/2026,30717887405,indumentaria,00033-00009953,15999.01,SMART HOME TECHNOLOGY S.A. (Xiaomi),30-71788740-5,Factura B (Cód. 06),SMART HOME TECHNOLOGY S.A. (Xiaomi) - 2026-05-10 16_05_17.pdf,Malla Xiaomi Smart Band 8 Active Ivory. CAE 86173245671754,SI
04/05/2026,33712244629,otros,00200-00031374,31200.00,COSENZA CONSTRUCCIONES S.A. (Herraje Manía),33-71224462-9,Factura B (Cód. 06),COSENZA CONSTRUCCIONES S.A. (Herraje Manía) - 2026-05-10 16_08_26.pdf,Correderas telescópicas cierre suave. ARCA autorizada,SI
04/05/2026,33712244629,otros,00200-00031375,4500.00,COSENZA CONSTRUCCIONES S.A. (Herraje Manía),33-71224462-9,Factura B (Cód. 06),COSENZA CONSTRUCCIONES S.A. (Herraje Manía) - 2026-05-10 16_09_18.pdf,Adhesivo vinílico carpintero. ARCA autorizada,SI
11/05/2026,30548083156,otros,02048-03070158,12435.98,COTO CENTRO INTEGRAL DE COMERCIALIZACION S.A.,30-54808315-6,Factura B (Cód. 006),COTO CENTRO INTEGRAL DE COMERCIALIZACION S.A. - 2026-05-11 08_41_14.pdf,CAE 86195027950741,SI
19/05/2026,30607371799,otros,03156-00098732,5998.01,Autoservicio Mayorista Diarco S.A.,30-60737179-9,Factura B,Autoservicio Mayorista Diarco S.A. - 2026-05-19 20_12_48.pdf,CAE 86206127515471,SI
19/05/2026,30715226673,otros,00006-00085249,19800.00,DEL TORAL SRL,30-71522667-3,Cód. 083 - Tique,DEL TORAL SRL - 2026-05-19 20_13_58.pdf,Panadería y confitería,SI
26/06/2026,20253500418,otros,00009-00000013,31125.30,PESCADERIA MELLINO,20-25350041-8,Ticket de control interno,PESCADERIA MELLINO - 2026-06-28 17_03_58.pdf,Pescadería. CUIT 20-25350041-8 verificado del local,NO
01/07/2026,30715226673,otros,00006-00087862,11100.00,DEL TORAL SRL,30-71522667-3,Cód. 083 - Tique,DEL TORAL SRL - 2026-07-01 08_27_16.pdf,Panadería y confitería,SI
25/07/2026,30708039019,otros,00004-00041034,105600.00,Karina Barros y Carlos Fridman,30-70803901-9,Factura B (Cód. 06),Karina Barros y Carlos Fridman - 2026-08-06 19_44_21.pdf,Cafetería y pelotero. CAE 86305441467141,SI
29/07/2026,30711840946,otros,00803-00269018,37900.00,DEGASA S.A. (KFC),30-71184094-6,Factura B (Cód. 006),DEGASA S.A. (KFC) - 2026-08-06 19_45_43.pdf,CAE 86305985140730,SI
04/08/2026,30715226673,otros,00006-00089918,13000.00,DEL TORAL SRL,30-71522667-3,Cód. 083 - Tique,DEL TORAL SRL - 2026-08-06 19_46_13.pdf,Panadería,SI
31/07/2026,30685849751,otros,09380-00673537,11989.00,DIA ARGENTINA SA,30-68584975-1,Factura B (Cód. 006),DIA ARGENTINA SA - 2026-08-06 19_47_52.pdf,CAE 86316311440462,SI
28/05/2026,20143395880,otros,00005-00002495,9100.00,VITOLI DONATO CLAUDIO (Los Gigantes de la Pizza),20-14339588-0,Cód. 083 - Tique,café y postre.pdf,Comidas y cafetería,SI
22/08/2026,20141171071,otros,00000-17419279,9130.00,Ferreteria Ducau,20-14117107-1,Ticket Cliente Mercado Pago,ducau.pdf,Ferretería / equipamiento. Operación MP #174192791443,SI
03/04/2026,30678814357,otros,02503-16275165,10889.36,Telefónica Móviles Argentina S.A.,30-67881435-7,Factura B (Cód. 006),movistar movil 2604.pdf,Telefonía móvil laboral. CAE 86140179625454,SI
03/04/2026,27357316702,otros,00023-00008954,7899.00,MARIA JULIETA ALEGRE (Sofy July Productos),27-35731670-2,Factura B (Cód. 06),MARIA JULIETA ALEGRE (Sofy July Productos) - 260404090525.pdf,Imanes neodimio. CAE 86140162290298,SI
09/05/2026,27356467308,otros,00004-00002726,19500.00,ABAL STEFANIA YANET BETSABE,27-35646730-8,Factura C (Cód. 011),ABAL STEFANIA YANET BETSABE - 260510101418.pdf,Filamento 3D PLA+. CAE 86194818007305,SI
05/05/2026,30715175777,indumentaria,00008-00048557,19500.00,Danitexbh S.r.l.,30-71517577-7,Factura B (Cód. 06),Danitexbh S.r.l. - 260510101536.pdf,Remeras unisex de algodón y gorra gabardina. CAE 86184209231084,SI
04/05/2026,30716111926,otros,00008-00028419,20446.00,HERRAJES LOS HALCONES S.R.L.,30-71611192-6,Factura B (Cód. 06),HERRAJES LOS HALCONES S.R.L. - 260510101813.pdf,Herrajes,SI,adhesivo poliuretánico,tarugos. CAE 86184126581949,NO
26/04/2026,30717993027,otros,00004-00000712,23000.00,INGAR CORP S.R.L.,30-71799302-7,Factura B (Cód. 006),INGAR CORP S.R.L. - 260510102120.pdf,Placa acrílico cristal plexiglass. CAE 86173079947583,SI
30/04/2026,23290411319,otros,00007-00001093,18900.00,CANEDA FEDERICO DANIEL (Atlantico 3D),23-29041131-9,Factura B (Cód. 006),CANEDA FEDERICO DANIEL (Atlantico 3D) - 260510102343.pdf,Filamento Impresora 3D PLA+. CAE 86183730460796,SI
10/04/2026,20236015824,otros,00007-00008468,37868.00,Mundo Insumos de Zabala Roberto Hernan,20-23601582-4,Factura B (Cód. 006),Mundo Insumos de Zabala Roberto Hernan - 260510102453.pdf,Filamento Impresora 3D PETG. CAE 86151073679886,SI
13/04/2026,30714657182,otros,00020-00076232,35980.00,20 DIGITAL APPS S.A. (Proyecto Color),30-71465718-2,Factura B (Cód. 06),20 DIGITAL APPS S.A. (Proyecto Color) - 260510102526.pdf,Filamento Elemental PLA. CAE 86151434482178,SI
07/04/2026,30717345130,otros,00002-00095050,39542.19,ADMA DISTRIBUIDORA SRL,30-71734513-0,Factura B (Cód. 06),ADMA DISTRIBUIDORA SRL - 260510103008.pdf,Multímetro,SI,detector tensión. CAE 86140582650821,NO
05/06/2026,30502324353,otros,00005-00137704,12195.57,ODRANID INDUSTRIAL Y COMERCIAL SOC EN COM P ACC,30-50232435-3,Factura B (Cód. 6),ODRANID INDUSTRIAL Y COMERCIAL SOC EN COM P ACC - 260606103741.pdf,Mangueras descarga y carga lavarropa. CAE 86238574313318,SI
17/07/2026,30695554628,otros,00005-00010479,20000.00,LEF & ASOCIADOS CONSULTING S A,30-69555462-8,Factura B (Cód. 06),LEF & ASOCIADOS CONSULTING S A - 260718121927.pdf,Filamento Petg 3n3. CAE 86294315178442,SI
26/08/2026,20309151489,otros,00005-00054158,33800.00,GOMEZ FERNANDO ALBERTO,20-30915148-9,Factura B (Cód. 06),GOMEZ FERNANDO ALBERTO - 260829095015.pdf,Pañales Duffy Cotton. CAE 86350199061949,SI
25/08/2026,30714471429,otros,00003-00077145,71585.00,LEONARDO ANDRES TOBIO Y CAROLINA ALEJANDRA TOBIO SH (El Trebol),30-71447142-9,Factura B (Cód. 6),LEONARDO ANDRES TOBIO Y CAROLINA ALEJANDRA TOBIO SH (El Trebol) - 260829095134.pdf,Estantería Acero Galvanizado 5 estantes. CAE 86349863564621,SI
05/08/2026,30714471429,otros,00003-00076290,69990.00,LEONARDO ANDRES TOBIO Y CAROLINA ALEJANDRA TOBIO SH (El Trebol),30-71447142-9,Factura B (Cód. 6),LEONARDO ANDRES TOBIO Y CAROLINA ALEJANDRA TOBIO SH (El Trebol) - 260829095327.pdf,Estantería Acero Galvanizado 5 estantes. CAE 86317036231195,SI
05/08/2026,30714471429,otros,00003-00076291,69990.00,LEONARDO ANDRES TOBIO Y CAROLINA ALEJANDRA TOBIO SH (El Trebol),30-71447142-9,Factura B (Cód. 6),LEONARDO ANDRES TOBIO Y CAROLINA ALEJANDRA TOBIO SH (El Trebol) - 260829095521.pdf,Estantería Acero Galvanizado 5 estantes. CAE 86317036231755,SI
31/08/2026,20236015824,otros,00007-00017028,37998.00,Mundo Insumos de Zabala Roberto Hernan,20-23601582-4,Factura B (Cód. 006),Mundo Insumos de Zabala Roberto Hernan - 260901023047.pdf,Filamentos 3D 3NMAX PLA+. CAE 86350776588689,SI
27/05/2026,20253500418,otros,00000-16123104,22158.00,MELLINO,20-25350041-8,Ticket Cliente Mercado Pago,pescadería .pdf,Pescadería. Operación MP #161231048290,NO
11/06/2026,30687310434,otros,17039-00236386,53628.70,INC SA (Carrefour),30-68731043-4,Factura B (Cód. 006),receipt_1781208577000.pdf,CAE 86249407904460,SI
30/05/2026,30687310434,otros,17015-00040750,10320.00,INC SA (Carrefour),30-68731043-4,Factura B (Cód. 006),ticket (1).pdf,CAE 86227609884229,SI